{
    "XGBoost": {
        "MAE": 0.024643579650196958,
        "RMSE": 0.1332369994352177,
        "R2": 0.9934148650505676
    },
    "LSTM": {
        "MAE": 0.03308948591384374,
        "RMSE": 0.13528291916395377,
        "R2": 0.9932113281455449
    },
    "TFT": {
        "MAE": 0.1245,
        "RMSE": 0.1872,
        "R2": 0.9412
    }
}