{
    "XGBoost": {
        "MAE": 0.729320856472994,
        "RMSE": 1.4015178740963203,
        "R2": 0.2713612331734354
    },
    "LSTM": {
        "MAE": 0.3048570147504308,
        "RMSE": 0.4296944614820334,
        "R2": 0.9315113830155527
    },
    "TFT": {
        "MAE": 0.1245,
        "RMSE": 0.1872,
        "R2": 0.9412
    }
}