{
    "XGBoost": {
        "train": {
            "MAE": 0.01832651694934379,
            "RMSE": 0.09018493838981696,
            "R2": 0.997076166845464
        },
        "test": {
            "MAE": 0.024643579650196958,
            "RMSE": 0.1332369994352177,
            "R2": 0.9934148650505676
        }
    },
    "LSTM": {
        "train": {
            "MAE": 0.024083559107916475,
            "RMSE": 0.10107545898842848,
            "R2": 0.990283718635263
        },
        "test": {
            "MAE": 0.031593680352466985,
            "RMSE": 0.13738601297845693,
            "R2": 0.9957166704402969
        }
    },
    "Persistence_Baseline": {
        "MAE": 0.009008788506249121
    }
}